id,focus,signal,slack,drag,confidence,score,lane,kind,invariant
g001,input pressure,84,41,8,58,368,ship,baseline,monotonic-signal
g002,state drift,108,29,9,48,403,ship,edge,drag-penalty
g003,review cost,79,61,32,38,301,ship,recovery,confidence-floor
g004,decision risk,112,44,24,90,442,ship,negative,lane-boundary
g005,input pressure,44,73,42,77,229,ship,baseline,monotonic-signal
g006,state drift,102,55,11,32,415,ship,edge,drag-penalty
g007,review cost,46,14,18,100,212,ship,recovery,confidence-floor
g008,decision risk,110,31,44,96,356,ship,negative,lane-boundary
g009,input pressure,57,42,37,98,242,ship,baseline,monotonic-signal
g010,state drift,78,50,14,104,396,ship,edge,drag-penalty
g011,review cost,92,56,25,25,338,ship,recovery,confidence-floor
g012,decision risk,59,27,32,76,211,ship,negative,lane-boundary
g013,input pressure,46,50,18,20,204,ship,baseline,monotonic-signal
g014,state drift,43,64,32,83,244,ship,edge,drag-penalty
g015,review cost,89,73,19,76,432,ship,recovery,confidence-floor
g016,decision risk,71,10,14,77,268,ship,negative,lane-boundary
g017,input pressure,66,51,34,39,237,ship,baseline,monotonic-signal
g018,state drift,67,74,4,67,404,ship,edge,drag-penalty
g019,review cost,115,53,32,86,441,ship,recovery,confidence-floor
g020,decision risk,98,10,6,57,353,ship,negative,lane-boundary
g021,input pressure,49,61,15,47,271,ship,baseline,monotonic-signal
g022,state drift,72,54,42,37,235,ship,edge,drag-penalty
g023,review cost,87,53,36,89,348,ship,recovery,confidence-floor
g024,decision risk,54,20,35,76,173,ship,negative,lane-boundary
g025,input pressure,85,8,36,31,194,ship,baseline,monotonic-signal
g026,state drift,60,38,17,99,304,ship,edge,drag-penalty
g027,review cost,51,55,9,95,331,ship,recovery,confidence-floor
g028,decision risk,50,66,27,97,298,ship,negative,lane-boundary
g029,input pressure,53,74,38,103,296,ship,baseline,monotonic-signal
g030,state drift,58,46,45,24,155,watch,edge,drag-penalty
g031,review cost,108,34,29,75,380,ship,recovery,confidence-floor
g032,decision risk,37,66,22,105,282,ship,negative,lane-boundary
g033,input pressure,61,49,41,82,240,ship,baseline,monotonic-signal
g034,state drift,32,8,10,75,157,watch,edge,drag-penalty
g035,review cost,65,60,17,76,340,ship,recovery,confidence-floor
g036,decision risk,85,19,45,38,196,ship,negative,lane-boundary
g037,input pressure,55,36,17,66,252,ship,baseline,monotonic-signal
g038,state drift,87,47,4,85,428,ship,edge,drag-penalty
g039,review cost,63,55,41,56,232,ship,recovery,confidence-floor
g040,decision risk,98,61,19,46,405,ship,negative,lane-boundary
g041,input pressure,31,32,31,36,100,watch,baseline,monotonic-signal
g042,state drift,45,55,17,88,282,ship,edge,drag-penalty
g043,review cost,100,69,33,75,414,ship,recovery,confidence-floor
g044,decision risk,87,8,42,30,181,ship,negative,lane-boundary
g045,input pressure,84,15,27,98,299,ship,baseline,monotonic-signal
g046,state drift,42,56,21,94,269,ship,edge,drag-penalty
g047,review cost,112,9,20,96,390,ship,recovery,confidence-floor
g048,decision risk,107,58,21,102,476,ship,negative,lane-boundary
g049,input pressure,108,15,44,23,245,ship,baseline,monotonic-signal
g050,state drift,68,66,36,74,302,ship,edge,drag-penalty
g051,review cost,51,59,12,104,339,ship,recovery,confidence-floor
g052,decision risk,90,58,23,81,398,ship,negative,lane-boundary
g053,input pressure,113,25,30,74,373,ship,baseline,monotonic-signal
g054,state drift,40,13,14,75,179,ship,edge,drag-penalty
g055,review cost,95,43,7,37,387,ship,recovery,confidence-floor
g056,decision risk,38,60,26,65,221,ship,negative,lane-boundary
g057,input pressure,101,71,37,84,418,ship,baseline,monotonic-signal
g058,state drift,92,9,44,55,217,ship,edge,drag-penalty
g059,review cost,91,51,30,45,330,ship,recovery,confidence-floor
g060,decision risk,94,39,44,35,263,ship,negative,lane-boundary
g061,input pressure,99,71,31,87,433,ship,baseline,monotonic-signal
g062,state drift,61,54,26,74,287,ship,edge,drag-penalty
g063,review cost,78,13,4,29,277,ship,recovery,confidence-floor
g064,decision risk,102,65,16,97,485,ship,negative,lane-boundary
g065,input pressure,73,24,44,93,228,ship,baseline,monotonic-signal
g066,state drift,106,41,18,95,441,ship,edge,drag-penalty
g067,review cost,38,52,27,101,238,ship,recovery,confidence-floor
g068,decision risk,96,60,12,22,394,ship,negative,lane-boundary
g069,input pressure,40,66,6,73,307,ship,baseline,monotonic-signal
g070,state drift,104,37,5,103,474,ship,edge,drag-penalty
g071,review cost,51,60,6,80,335,ship,recovery,confidence-floor
g072,decision risk,72,74,29,73,350,ship,negative,lane-boundary
g073,input pressure,86,13,21,74,295,ship,baseline,monotonic-signal
g074,state drift,53,20,39,36,118,watch,edge,drag-penalty
g075,review cost,40,61,8,64,282,ship,recovery,confidence-floor
g076,decision risk,37,14,15,83,177,ship,negative,lane-boundary
g077,input pressure,83,63,41,54,306,ship,baseline,monotonic-signal
g078,state drift,65,20,34,44,177,ship,edge,drag-penalty
g079,review cost,60,71,11,34,323,ship,recovery,confidence-floor
g080,decision risk,61,64,22,86,331,ship,negative,lane-boundary
g081,input pressure,109,63,29,73,439,ship,baseline,monotonic-signal
g082,state drift,92,30,15,28,319,ship,edge,drag-penalty
g083,review cost,43,18,29,96,174,ship,recovery,confidence-floor
g084,decision risk,66,48,16,92,338,ship,negative,lane-boundary
g085,input pressure,81,65,11,94,434,ship,baseline,monotonic-signal
g086,state drift,48,76,31,100,303,ship,edge,drag-penalty
g087,review cost,79,14,43,21,157,watch,recovery,confidence-floor
g088,decision risk,54,56,29,72,259,ship,negative,lane-boundary
g089,input pressure,45,44,45,102,190,ship,baseline,monotonic-signal
g090,state drift,44,76,12,79,327,ship,edge,drag-penalty
g091,review cost,47,59,39,72,214,ship,recovery,confidence-floor
g092,decision risk,52,18,33,73,166,ship,negative,lane-boundary
g093,input pressure,102,70,32,35,385,ship,baseline,monotonic-signal
g094,state drift,31,29,33,63,115,watch,edge,drag-penalty
g095,review cost,55,46,14,82,297,ship,recovery,confidence-floor
g096,decision risk,114,57,6,53,491,ship,negative,lane-boundary
